{
  "pages": [
    {
      "page_number": 1,
      "text": "International\u00a0\nMathematics\u00a0Olympiad \nThe actual test paper has 35 questions. Time allowed : 60 minutes. There are 3 sections: 10 questions \nin section I, 15 in section II and 10 in section III. \nSection \u2013 I : Logical Reasoning, Section \u2013 II : Mathematical Reasoning & \nSection \u2013 III : Everyday Mathematics \nSYLLABUS \nNumerals and Number Name, Number Sense (2 digit numbers), Addition, Subtraction, Length, Weight, \nTime, Money, Geometrical Skills, Patterns, Odd One Out, Series Completion, Problems Based on \nFigures. \n1 \nSAMPLE PAPER \nCLASS",
      "images": []
    },
    {
      "page_number": 2,
      "text": "2\u00a0\nClass\u00a01\u00a0\nSOF\u00a0\n1.\u00a0\nWhich\u00a0of\u00a0the\u00a0following\u00a0shows\u00a0correct\u00a0descending\u00a0order?\u00a0\n(A)\u00a0\n10\u00a0\n12\u00a0\n13\u00a0\n15\u00a0\n(B)\u00a0\n10\u00a0\n9\u00a0\n8\u00a0\n7\u00a0\n(C)\u00a0\n15\u00a0\n16\u00a0\n17\u00a0\n18\u00a0\n(D)\u00a0\n20\u00a0\n19\u00a0\n17\u00a0\n25\u00a0\n2.\u00a0\nLatika,\u00a0Monika\u00a0and\u00a0Sonika\u00a0are\u00a0sitting\u00a0in\u00a0a\u00a0row.\u00a0Latika\u00a0is\u00a0sitting\u00a0between\u00a0Monika\u00a0and\u00a0Sonika.\u00a0Which\u00a0of\u00a0the\u00a0\nfollowing\u00a0is\u00a0the\u00a0correct\u00a0order?\u00a0\n(A)\u00a0\nLatika\u00a0\nSonika\u00a0\nMonika\u00a0\n(B)\u00a0\nLatika\u00a0\nSonika\u00a0\nMonika\u00a0\n(C)\u00a0\nLatika\u00a0\nMonika\u00a0\nSonika\u00a0\n(D)\u00a0\nLatika\u00a0\nMonika\u00a0\nSonika\u00a0\n3.\u00a0\nThe\u00a0\ncan\u00a0jump\u00a0two\u00a0steps\u00a0at\u00a0a\u00a0time.\u00a0If\u00a0it\u00a0is\u00a0at\u00a05\u00a0th\u00a0step,\u00a0where\u00a0will\u00a0it\u00a0be\u00a0after\u00a02\u00a0jumps?\u00a0\n(A)\u00a0\n1\u00a0\n0\u00a0\n2\u00a0\n3\u00a0\n4\u00a0\n5\u00a0\n6\u00a0\n7\u00a0\n8\u00a0\n9\u00a0 10\u00a0\n(B)\u00a0\n1\u00a0\n0\u00a0\n2\u00a0\n3\u00a0\n4\u00a0\n5\u00a0\n6\u00a0\n7\u00a0\n8\u00a0\n9\u00a0\n(C)\u00a0\n1\u00a0\n0\u00a0\n2\u00a0\n3\u00a0\n4\u00a0\n5\u00a0\n6\u00a0\n7\u00a0\n8\u00a0\n(D)\u00a0\n1\u00a0\n0\u00a0\n2\u00a0\n3\u00a0\n4\u00a0 5\u00a0\n6\u00a0\n7\u00a0\n4.\u00a0\nFour\u00a0friends\u00a0are\u00a0celebrating\u00a0their\u00a0birthdays.\u00a0The\u00a0candles\u00a0on\u00a0cake\u00a0shows\u00a0their\u00a0ages.\u00a0Who\u00a0is\u00a0the\u00a0eldest?\u00a0\n(A)\u00a0\nAnkit\u00a0\n(B)\u00a0\nParul\u00a0\n(C)\u00a0\nRuchi\u00a0\n(D)\u00a0\nAnu\u00a0\n5.\u00a0\nGiven\u00a0two\u00a0baskets\u00a0shows\u00a0the\u00a0number\u00a0of\u00a0apples.\u00a0\nYellow\u00a0basket\u00a0\nRed\u00a0basket\u00a0\nWhich\u00a0is\u00a0correct\u00a0statement?\u00a0\n(A)\u00a0 Yellow\u00a0basket\u00a0has more\u00a0apples\u00a0than\u00a0red\u00a0basket.\u00a0\n(B)\u00a0 Red\u00a0basket\u00a0has more\u00a0apples\u00a0than\u00a0yellow\u00a0basket.\u00a0\n(C)\u00a0 Both\u00a0red\u00a0and\u00a0yellow\u00a0baskets\u00a0have\u00a0equal\u00a0apples.\u00a0\n(D)\u00a0 Red\u00a0basket\u00a0has less apples\u00a0than\u00a0yellow\u00a0basket.\u00a0\n6.\u00a0\nWhich\u00a0number\u00a0in\u00a0the\u00a0following\u00a0number\u00a0pattern\u00a0is\u00a0just\u00a0before\u00a030?\u00a0\n22\u00a0\n24\u00a0\n26\u00a0 28\u00a0 30\u00a0\n(A)\u00a0 26\u00a0\n(B)\u00a0 28\u00a0\n(C)\u00a0 24\u00a0\n(D)\u00a0 22",
      "images": [
        "page2_image1.jpeg",
        "page2_image2.png",
        "page2_image3.jpeg",
        "page2_image4.jpeg",
        "page2_image5.png",
        "page2_image6.jpeg",
        "page2_image7.png",
        "page2_image8.jpeg",
        "page2_image9.jpeg",
        "page2_image10.png",
        "page2_image11.jpeg"
      ]
    },
    {
      "page_number": 3,
      "text": "3\u00a0\nClass\u00a01\u00a0\n7.\u00a0\nWhich\u00a0figure\u00a0is\u00a0in\u00a0the\u00a0centre?\u00a0\n(A)\u00a0\n(B)\u00a0\n(C)\u00a0\n(D)\u00a0\n8.\u00a0\nWhich\u00a0box\u00a0shows\u00a0zero\u00a0stones\u00a0in\u00a0it?\u00a0\n(A)\u00a0\n(B)\u00a0\n(C)\u00a0\n(D)\u00a0\n9.\u00a0\nThe\u00a0shape\u00a0of\u00a0\nis\u00a0looking\u00a0like\u00a0a\u00a0\n(A)\u00a0 Cone\u00a0\n(B)\u00a0 Cylinder\u00a0\n(C)\u00a0 Sphere\u00a0\n(D)\u00a0 Cube\u00a0\n10.\u00a0 Add\u00a0me\u00a0to\u00a04\u00a0and\u00a0subtract\u00a0me\u00a0from\u00a012,\u00a0the\u00a0answer\u00a0is\u00a0the\u00a0same.\u00a0Who\u00a0am\u00a0I?\u00a0\n4\u00a0\n12\u00a0\n(A)\u00a0 14\u00a0\n(B)\u00a0 10\u00a0\n(C)\u00a0 6\u00a0\n(D)\u00a0 4\u00a0\n11.\u00a0 Look\u00a0at\u00a0the\u00a0picture\u00a0given\u00a0below.\u00a0\nWhich\u00a0of\u00a0the\u00a0following\u00a0number\u00a0sentence\u00a0shows\u00a0above\u00a0picture?\u00a0\n(A)\u00a0 2\u00a0+\u00a02\u00a0+\u00a02\u00a0\n(B)\u00a0 2\u00a0+\u00a02\u00a0+\u00a04\u00a0+\u00a04\u00a0\n(C)\u00a0 2\u00a0+\u00a02\u00a0\n(D)\u00a0 2\u00a0+\u00a02\u00a0+\u00a02\u00a0+\u00a02\u00a0\n12.\u00a0 The\u00a0given\u00a0below\u00a0teddy\u00a0bears\u00a0are\u00a0to\u00a0be\u00a0distributed\u00a0equally\u00a0between\u00a0two\u00a0friends.\u00a0\nWhich\u00a0of\u00a0the\u00a0following\u00a0shows\u00a0share\u00a0of\u00a01\u00a0friend?\u00a0\n(A)\u00a0\n(B)\u00a0\n(C)\u00a0\n(D)",
      "images": [
        "page3_image1.jpeg",
        "page3_image2.jpeg",
        "page3_image3.jpeg",
        "page3_image4.jpeg",
        "page3_image5.jpeg",
        "page3_image6.jpeg",
        "page3_image7.jpeg",
        "page3_image8.jpeg",
        "page3_image9.jpeg",
        "page3_image10.jpeg",
        "page3_image11.jpeg"
      ]
    },
    {
      "page_number": 4,
      "text": "4\u00a0\nClass\u00a01\u00a0\n13.\u00a0 Which\u00a0of\u00a0the\u00a0following\u00a0shows\u00a0the\u00a0object\u00a0which\u00a0can\u00a0hold\u00a0maximum\u00a0water?\u00a0\n(A)\u00a0\n(B)\u00a0\n(C)\u00a0\n(D)\u00a0\n14.\u00a0\nWhich\u00a0of\u00a0the\u00a0following\u00a0shows\u00a0the\u00a0total\u00a0value\u00a0of\u00a0above\u00a0coins?\u00a0\n(A)\u00a0\n(B)\u00a0\n(C)\u00a0\n(D)\u00a0\n15.\u00a0 Renuka\u00a0bought\u00a012\u00a0blue\u00a0candies\u00a0and\u00a011\u00a0orange\u00a0candies.\u00a0How\u00a0many\u00a0candies\u00a0did\u00a0she\u00a0buy?\u00a0\n(A)\u00a0 12\u00a0+\u00a011\u00a0\n(B)\u00a0 12\u00a0+\u00a012\u00a0\n(C)\u00a0 12\u00a0\u2013\u00a011\u00a0\n(D)\u00a0 12\u00a0+\u00a013\u00a0\n16.\u00a0 Sonali\u00a0bought\u00a0the\u00a0following\u00a0items.\u00a0\n`\u00a010\u00a0\nERASER\u00a0\n`\u00a02\u00a0\n`\u00a05\u00a0\nHow\u00a0much\u00a0money\u00a0did\u00a0she\u00a0spend?\u00a0\n(A)\u00a0 `\u00a027\u00a0\n(B)\u00a0 `\u00a015\u00a0\n(C)\u00a0 `\u00a012\u00a0\n(D)\u00a0 `\u00a017\u00a0\n17.\u00a0 Which\u00a0subtraction\u00a0gives\u00a042\u00a0as\u00a0the\u00a0answer?\u00a0\n(A)\u00a0 99\u00a0\u2013\u00a042\u00a0\n(B)\u00a0 98\u00a0\u2013\u00a056\u00a0\n(C)\u00a0 84\u00a0\u2013\u00a040\u00a0\n(D)\u00a0 82\u00a0\u2013\u00a030\u00a0\n18.\u00a0 Chintu\u00a0has\u00a024\u00a0balls.\u00a0He\u00a0gave\u00a02\u00a0balls\u00a0to\u00a0his\u00a0sister.\u00a0How\u00a0many\u00a0balls\u00a0does\u00a0Chintu\u00a0has\u00a0now?\u00a0\n(A)\u00a0 22\u00a0balls\u00a0\n(B)\u00a0 20\u00a0balls\u00a0\n(C)\u00a0 18\u00a0balls\u00a0\n(D)\u00a0 21\u00a0balls\u00a0\n19.\u00a0 Rahul\u00a0walked\u00a0for\u00a02\u00a0kms\u00a0everyday\u00a0for\u00a04\u00a0days.\u00a0How\u00a0much\u00a0distance\u00a0did\u00a0he\u00a0walk?\u00a0\n(A)\u00a0 8\u00a0kms\u00a0\n(B)\u00a0 9\u00a0kms\u00a0\n(D)\u00a0 10\u00a0kms\u00a0\n(D)\u00a0 12\u00a0kms\u00a0\n20.\u00a0 To\u00a0get\u00a08,\u00a0Ria\u00a0has\u00a0to\u00a0add\u00a04\u00a0_________\u00a0times.\u00a0\n(A)\u00a0 Six\u00a0\n(B)\u00a0 Four\u00a0\n(C)\u00a0 Ten\u00a0\n(D)\u00a0 Two",
      "images": [
        "page4_image1.jpeg",
        "page4_image2.jpeg",
        "page4_image3.jpeg",
        "page4_image4.jpeg",
        "page4_image5.png",
        "page4_image6.jpeg",
        "page4_image7.png",
        "page4_image8.jpeg",
        "page4_image9.jpeg",
        "page4_image10.png",
        "page4_image11.jpeg",
        "page4_image12.jpeg",
        "page4_image13.jpeg",
        "page4_image14.jpeg",
        "page4_image15.jpeg",
        "page4_image16.jpeg",
        "page4_image17.jpeg",
        "page4_image18.jpeg"
      ]
    },
    {
      "page_number": 5,
      "text": "5\u00a0\nClass\u00a01\u00a0\nANSWERS\u00a0\nInternational\u00a0Mathematics\u00a0 Olympiad\u00a0\n1.\u00a0\n(B)\u00a0\n2.\u00a0\n(C)\u00a0\n3.\u00a0\n(A)\u00a0\n4.\u00a0\n(B)\u00a0\n5.\u00a0\n(C)\u00a0\n6.\u00a0\n(B)\u00a0\n7.\u00a0\n(B)\u00a0\n8.\u00a0\n(B)\u00a0\n9.\u00a0\n(C)\u00a0\n10.\u00a0 (D)\u00a0\n11.\u00a0 (D)\u00a0\n12.\u00a0 (B)\u00a0\n13.\u00a0 (A)\u00a0\n14.\u00a0 (A)\u00a0\n15.\u00a0 (A)\u00a0\n16.\u00a0 (D)\u00a0\n17.\u00a0 (B)\u00a0\n18.\u00a0 (A)\u00a0\n19.\u00a0 (A)\u00a0\n20.\u00a0 (D)\u00a0\nSAMPLE\u00a0ANSWER\u00a0SHEET\u00a0\n1.\u00a0\u00a0NAME\u00a0:\u00a0If\u00a0your\u00a0name\u00a0is\u00a0SACHIT\u00a0A\u00a0IYER,\u00a0then\u00a0you\u00a0should\u00a0write\u00a0as\u00a0follows\u00a0:\u00a0\n2.\u00a0\u00a0Father's\u00a0Name\u00a0:\u00a0If\u00a0your\u00a0father's\u00a0name\u00a0is\u00a0SATISH\u00a0KUMAR\u00a0SHARMA,\u00a0then\u00a0you\u00a0should\u00a0write\u00a0as\u00a0follows\u00a0:\u00a0\nS\u00a0\nA\u00a0\nC\u00a0\nH\u00a0\nI\u00a0\nT\u00a0\nA\u00a0\nI\u00a0\nY\u00a0\nE\u00a0\nR\u00a0\nS\u00a0\nA\u00a0\nT\u00a0\nI\u00a0\nS\u00a0\nH\u00a0\nK\u00a0\nU\u00a0 M\u00a0 A\u00a0\nR\u00a0\nS\u00a0\nH\u00a0\nA\u00a0\nR\u00a0\nM\u00a0 A\u00a0\n3.\u00a0SCHOOL\u00a0CODE\u00a0\nWrite\u00a0your\u00a0school\u00a0code\u00a0\ni.e.\u00a0if\u00a0your\u00a0school\u00a0code\u00a0\nis\u00a0MH0547\u00a0darken\u00a0as\u00a0\nfollows\u00a0:\u00a0\nA\u00a0\nB\u00a0\nC\u00a0\nD\u00a0\nE\u00a0\nF\u00a0\nG\u00a0\nH\u00a0\nI\u00a0\nJ\u00a0\nK\u00a0\nL\u00a0\nN\u00a0\nO\u00a0\nP\u00a0\nQ\u00a0\nR\u00a0\nS\u00a0\nT\u00a0\nU\u00a0\nV\u00a0\nW\u00a0\nX\u00a0\nY\u00a0\nZ\u00a0\nM\u00a0\nA\u00a0\nB\u00a0\nC\u00a0\nD\u00a0\nE\u00a0\nF\u00a0\nG\u00a0\nI\u00a0\nJ\u00a0\nK\u00a0\nL\u00a0\nM\u00a0\nN\u00a0\nO\u00a0\nP\u00a0\nQ\u00a0\nR\u00a0\nS\u00a0\nT\u00a0\nU\u00a0\nV\u00a0\nW\u00a0\nX\u00a0\nY\u00a0\nZ\u00a0\nH\u00a0\n1\u00a0\n2\u00a0\n3\u00a0\n4\u00a0\n5\u00a0\n6\u00a0\n7\u00a0\n8\u00a0\n9\u00a0\n0\u00a0\n5\u00a0\n4\u00a0\n7\u00a0\nSCHOOL\u00a0CODE\u00a0\n1\u00a0\n2\u00a0\n3\u00a0\n4\u00a0\n6\u00a0\n7\u00a0\n8\u00a0\n9\u00a0\n1\u00a0\n2\u00a0\n3\u00a0\n5\u00a0\n6\u00a0\n7\u00a0\n8\u00a0\n9\u00a0\n1\u00a0\n2\u00a0\n3\u00a0\n4\u00a0\n5\u00a0\n6\u00a0\n8\u00a0\n9\u00a0\nDarken\u00a0\nthe\u00a0circle\u00a0\n4.\u00a0CLASS\u00a0\nIf\u00a0you\u00a0are\u00a0in\u00a0Class\u00a0\n10,\u00a0then\u00a0you\u00a0should\u00a0\ndarken\u00a0as\u00a0follows\u00a0:\u00a0\n5.\u00a0ROLL\u00a0NO.\u00a0\nIf\u00a0your\u00a0roll\u00a0no.\u00a0is\u00a0587,\u00a0\nthen\u00a0you\u00a0should\u00a0write\u00a0\nand\u00a0darken\u00a0the\u00a0circles\u00a0\nas\u00a0follows\u00a0:\u00a0\n0\u00a0\n2\u00a0\n3\u00a0\n4\u00a0\n5\u00a0\n6\u00a0\n7\u00a0\n8\u00a0\n9\u00a0\n1\u00a0\n0\u00a0\n1\u00a0\n2\u00a0\n3\u00a0\n4\u00a0\n6\u00a0\n7\u00a0\n8\u00a0\n9\u00a0\n1\u00a0\n2\u00a0\n3\u00a0\n4\u00a0\n0\u00a0\n6\u00a0\n7\u00a0\n8\u00a0\n9\u00a0\n5\u00a0\n8\u00a0\n1\u00a0\n2\u00a0\n3\u00a0\n4\u00a0\n6\u00a0\n7\u00a0\n9\u00a0\n1\u00a0\n2\u00a0\n3\u00a0\n4\u00a0\n5\u00a0\n6\u00a0\n8\u00a0\n9\u00a0\n7\u00a0\nCLASS\u00a0\nROLL\u00a0NO.\u00a0\n5\u00a0\n0\u00a0\n5\u00a0\n0\u00a0\nDarken\u00a0\nthe\u00a0circle\u00a0\n0\u00a0\n0\u00a0\n0\u00a0\n6.\u00a0GENDER\u00a0\nMale\u00a0\nIf\u00a0you\u00a0are\u00a0a\u00a0boy,\u00a0\nthen\u00a0darken\u00a0\ncircle\u00a0\nGENDER\u00a0\nMALE\u00a0\nFEMALE\u00a0\nCORRECT\u00a0\nway\u00a0to\u00a0darken\u00a0\nthe\u00a0circle\u00a0\nW ONG\u00a0\nway\u00a0to\u00a0darken\u00a0\nthe\u00a0circle\u00a0\nR\u00a0\n\u2713 \u00d7 \nMARK\u00a0YOUR\u00a0ANSWERS\u00a0WITH\u00a0HB\u00a0PENCIL/BALL\u00a0POINT\u00a0PEN\u00a0(BLUE/BLACK)\u00a0\n7.\u00a0 If\u00a0your\u00a0choice\u00a0for\u00a0Answer\u00a01\u00a0is\u00a0C,\u00a0then\u00a0you\u00a0should\u00a0darken\u00a0the\u00a0circle\u00a0as\u00a0follows\u00a0:\u00a0\n1. \nInternational Mathematics Olympiad",
      "images": []
    }
  ]
}